<?xml version="1.0" encoding="UTF-8"?>
<project-private xmlns="http://www.netbeans.org/ns/project-private/1">
    <editor-bookmarks xmlns="http://www.netbeans.org/ns/editor-bookmarks/2" lastBookmarkId="0"/>
    <open-files xmlns="http://www.netbeans.org/ns/projectui-open-files/2">
        <group>
            <file>file:/C:/Users/Van/Documents/NetBeansProjects/FordaLog_In/src/fordalog_in/FordaLog_In.java</file>
            <file>file:/C:/Users/Van/Documents/NetBeansProjects/FordaLog_In/src/fordalog_in/Sign_InForm.java</file>
            <file>file:/C:/Users/Van/Documents/NetBeansProjects/FordaLog_In/src/fordalog_in/SearchRecords.java</file>
            <file>file:/C:/Users/Van/Documents/NetBeansProjects/FordaLog_In/src/fordalog_in/Sign_InFormStep2.java</file>
            <file>file:/C:/Users/Van/Documents/NetBeansProjects/FordaLog_In/src/fordalog_in/MainMenu.java</file>
            <file>file:/C:/Users/Van/Documents/NetBeansProjects/FordaLog_In/src/fordalog_in/Log_InTab.java</file>
            <file>file:/C:/Users/Van/Documents/NetBeansProjects/FordaLog_In/src/fordalog_in/Sign_InFormStep3.java</file>
        </group>
    </open-files>
</project-private>
